io_3511,io_2511
[64],[64]
[65],[65]
[65],[65]
[65],[65]
[65],[65]
[65],[65]
[65],[65]
[65],[65]
[65],[65]
[65],[65]
[65],[65]
[65],[0]
[65],[0]
[0],[0]
[0],[0]
[0],[0]
[0],[0]
[0],[0]
[0],[0]
[0],[0]
[0],[0]
[0],[0]
[2],[0]
[2],[0]
[2],[0]
[2],[1]
[2],[1]
[2],[1]
[2],[1]
[2],[3]
[3],[3]
[3],[3]
[3],[3]
[3],[3]
[3],[3]
[3],[3]
[3],[3]
[3],[3]
[3],[3]
[3],[3]
[3],[3]
[3],[1]
[3],[1]
[3],[1]
[3],[64]
[3],[64]
[3],[64]
[3],[64]
[3],[64]
[3],[64]
[3],[64]
[3],[64]
[3],[64]
[3],[64]
[3],[64]
[3],[64]
[3],[65]
[66],[64]
[66],[64]
[66],[64]
[66],[64]
[66],[64]
[66],[64]
[66],[64]
[66],[64]
[67],[64]
[67],[64]
[67],[64]
[67],[64]
[67],[64]
[67],[65]
[67],[65]
[67],[65]
[67],[65]
[67],[65]
[67],[65]
[67],[65]
[67],[65]
[2],[65]
[2],[65]
[2],[65]
[2],[65]
[2],[65]
[2],[65]
[2],[65]
[2],[65]
[2],[65]
[3],[65]
[3],[65]
[3],[65]
[3],[0]
[3],[0]
[3],[0]
[1],[0]
[1],[0]
[1],[0]
[1],[0]
[1],[0]
[1],[0]
[64],[0]
