io_3511,io_2511,m560,m561,m600,m601
[0],[32],"[0, 0]","[0, 0]","[0, 0]","[0, 0]"
[0],[32],"[0, 0]","[0, 0]","[0, 0]","[0, 0]"
[0],[32],"[0, 0]","[0, 0]","[0, 0]","[0, 0]"
[0],[32],"[0, 0]","[0, 0]","[0, 0]","[0, 0]"
[0],[32],"[0, 0]","[0, 0]","[0, 0]","[0, 0]"
[0],[32],"[0, 0]","[0, 0]","[0, 0]","[0, 0]"
[2],[32],"[0, 0]","[0, 0]","[0, 0]","[0, 0]"
[2],[32],"[0, 0]","[0, 0]","[0, 0]","[0, 0]"
[2],[32],"[0, 0]","[0, 0]","[0, 0]","[0, 0]"
[3],[104],"[0, 0]","[0, 0]","[0, 0]","[0, 0]"
[3],[104],"[0, 0]","[0, 0]","[0, 0]","[0, 0]"
[3],[104],"[0, 0]","[0, 0]","[0, 0]","[0, 0]"
[3],[104],"[0, 0]","[0, 0]","[0, 0]","[0, 0]"
[3],[104],"[0, 0]","[0, 0]","[0, 0]","[0, 0]"
[3],[104],"[0, 0]","[0, 0]","[0, 0]","[0, 0]"
[3],[104],"[0, 0]","[0, 0]","[0, 0]","[0, 0]"
[3],[104],"[0, 0]","[0, 0]","[0, 0]","[0, 0]"
[3],[104],"[0, 0]","[0, 0]","[0, 0]","[0, 0]"
[3],[104],"[0, 0]","[0, 0]","[0, 0]","[0, 0]"
[3],[104],"[0, 0]","[0, 0]","[0, 0]","[0, 0]"
[3],[104],"[0, 0]","[0, 0]","[0, 0]","[0, 0]"
[3],[104],"[0, 0]","[0, 0]","[0, 0]","[0, 0]"
[3],[104],"[0, 0]","[0, 0]","[0, 0]","[0, 0]"
[3],[104],"[0, 0]","[0, 0]","[0, 0]","[0, 0]"
[3],[104],"[0, 0]","[0, 0]","[0, 0]","[0, 0]"
[3],[104],"[0, 0]","[0, 0]","[0, 0]","[0, 0]"
[3],[104],"[0, 0]","[0, 0]","[0, 0]","[0, 0]"
[3],[104],"[0, 0]","[0, 0]","[0, 0]","[0, 0]"
[3],[104],"[0, 0]","[0, 0]","[0, 0]","[0, 0]"
[3],[104],"[0, 0]","[0, 0]","[0, 0]","[0, 0]"
[3],[104],"[0, 0]","[0, 0]","[0, 0]","[0, 0]"
[3],[104],"[0, 0]","[0, 0]","[0, 0]","[0, 0]"
[3],[104],"[0, 0]","[0, 0]","[0, 0]","[0, 0]"
[3],[104],"[0, 0]","[0, 0]","[0, 0]","[0, 0]"
[3],[104],"[0, 0]","[0, 0]","[0, 0]","[0, 0]"
[3],[104],"[0, 0]","[0, 0]","[0, 0]","[0, 0]"
[66],[104],"[0, 0]","[0, 0]","[0, 0]","[0, 0]"
[66],[104],"[0, 0]","[0, 0]","[0, 0]","[0, 0]"
[66],[104],"[0, 0]","[0, 0]","[0, 0]","[0, 0]"
[66],[104],"[0, 0]","[0, 0]","[0, 0]","[0, 0]"
[66],[104],"[0, 0]","[0, 0]","[0, 0]","[0, 0]"
[66],[104],"[0, 0]","[0, 0]","[0, 0]","[0, 0]"
[66],[104],"[0, 0]","[0, 0]","[0, 0]","[0, 0]"
[66],[104],"[0, 0]","[0, 0]","[0, 0]","[0, 0]"
[66],[104],"[0, 0]","[0, 0]","[0, 0]","[0, 0]"
[66],[104],"[0, 0]","[0, 0]","[0, 0]","[0, 0]"
[66],[104],"[0, 0]","[0, 0]","[0, 0]","[0, 0]"
[66],[104],"[0, 0]","[0, 0]","[0, 0]","[0, 0]"
[66],[104],"[0, 0]","[0, 0]","[0, 0]","[0, 0]"
[66],[104],"[0, 0]","[0, 0]","[0, 0]","[0, 0]"
[66],[104],"[0, 0]","[0, 0]","[0, 0]","[0, 0]"
[66],[104],"[0, 0]","[0, 0]","[0, 0]","[0, 0]"
[67],[40],"[0, 0]","[0, 0]","[0, 0]","[0, 0]"
[67],[40],"[0, 0]","[0, 0]","[0, 0]","[0, 0]"
[67],[40],"[0, 0]","[0, 0]","[0, 0]","[0, 0]"
[67],[40],"[0, 0]","[0, 0]","[0, 0]","[0, 0]"
[67],[40],"[0, 0]","[0, 0]","[0, 0]","[0, 0]"
[67],[40],"[0, 0]","[0, 0]","[0, 0]","[0, 0]"
[67],[40],"[0, 0]","[0, 0]","[0, 0]","[0, 0]"
[67],[40],"[0, 0]","[0, 0]","[0, 0]","[0, 0]"
[67],[40],"[0, 0]","[0, 0]","[0, 0]","[0, 0]"
[67],[40],"[0, 0]","[0, 0]","[0, 0]","[0, 0]"
[67],[40],"[0, 0]","[0, 0]","[0, 0]","[0, 0]"
[67],[40],"[0, 0]","[0, 0]","[0, 0]","[0, 0]"
[67],[40],"[0, 0]","[0, 0]","[0, 0]","[0, 0]"
[67],[40],"[0, 0]","[0, 0]","[0, 0]","[0, 0]"
[2],[40],"[0, 0]","[0, 0]","[0, 0]","[0, 0]"
[2],[40],"[0, 0]","[0, 0]","[0, 0]","[0, 0]"
[2],[40],"[0, 0]","[0, 0]","[0, 0]","[0, 0]"
[2],[40],"[0, 0]","[0, 0]","[0, 0]","[0, 0]"
[2],[40],"[0, 0]","[0, 0]","[0, 0]","[0, 0]"
[2],[40],"[0, 0]","[0, 0]","[0, 0]","[0, 0]"
[2],[40],"[0, 0]","[0, 0]","[0, 0]","[0, 0]"
[2],[40],"[0, 0]","[0, 0]","[0, 0]","[0, 0]"
[2],[40],"[0, 0]","[0, 0]","[0, 0]","[0, 0]"
[2],[40],"[0, 0]","[0, 0]","[0, 0]","[0, 0]"
[2],[40],"[0, 0]","[0, 0]","[0, 0]","[0, 0]"
[3],[104],"[0, 0]","[0, 0]","[0, 0]","[0, 0]"
[3],[104],"[0, 0]","[0, 0]","[0, 0]","[0, 0]"
[3],[104],"[0, 0]","[0, 0]","[0, 0]","[0, 0]"
[3],[104],"[0, 0]","[0, 0]","[0, 0]","[0, 0]"
[3],[104],"[0, 0]","[0, 0]","[0, 0]","[0, 0]"
[3],[104],"[0, 0]","[0, 0]","[0, 0]","[0, 0]"
[3],[104],"[0, 0]","[0, 0]","[0, 0]","[0, 0]"
[3],[104],"[0, 0]","[0, 0]","[0, 0]","[0, 0]"
[3],[104],"[0, 0]","[0, 0]","[0, 0]","[0, 0]"
[3],[104],"[0, 0]","[0, 0]","[0, 0]","[0, 0]"
[3],[104],"[0, 0]","[0, 0]","[0, 0]","[0, 0]"
[3],[104],"[0, 0]","[0, 0]","[0, 0]","[0, 0]"
[66],[104],"[0, 0]","[0, 0]","[0, 0]","[0, 0]"
[66],[104],"[0, 0]","[0, 0]","[0, 0]","[0, 0]"
[66],[104],"[0, 0]","[0, 0]","[0, 0]","[0, 0]"
[66],[104],"[0, 0]","[0, 0]","[0, 0]","[0, 0]"
[66],[104],"[0, 0]","[0, 0]","[0, 0]","[0, 0]"
[66],[104],"[0, 0]","[0, 0]","[0, 0]","[0, 0]"
[66],[104],"[0, 0]","[0, 0]","[0, 0]","[0, 0]"
[66],[104],"[0, 0]","[0, 0]","[0, 0]","[0, 0]"
[66],[104],"[0, 0]","[0, 0]","[0, 0]","[0, 0]"
[66],[104],"[0, 0]","[0, 0]","[0, 0]","[0, 0]"
[66],[104],"[0, 0]","[0, 0]","[0, 0]","[0, 0]"
[67],[104],"[0, 0]","[0, 0]","[0, 0]","[0, 0]"
[67],[40],"[0, 0]","[0, 0]","[0, 0]","[0, 0]"
[67],[40],"[0, 0]","[0, 0]","[0, 0]","[0, 0]"
[67],[40],"[0, 0]","[0, 0]","[0, 0]","[0, 0]"
[67],[40],"[0, 0]","[0, 0]","[0, 0]","[0, 0]"
[67],[40],"[0, 0]","[0, 0]","[0, 0]","[0, 0]"
[67],[40],"[0, 0]","[0, 0]","[0, 0]","[0, 0]"
[67],[40],"[0, 0]","[0, 0]","[0, 0]","[0, 0]"
[67],[40],"[0, 0]","[0, 0]","[0, 0]","[0, 0]"
[67],[40],"[0, 0]","[0, 0]","[0, 0]","[0, 0]"
[67],[40],"[0, 0]","[0, 0]","[0, 0]","[0, 0]"
[67],[40],"[0, 0]","[0, 0]","[0, 0]","[0, 0]"
[67],[40],"[0, 0]","[0, 0]","[0, 0]","[0, 0]"
[67],[40],"[0, 0]","[0, 0]","[0, 0]","[0, 0]"
[67],[40],"[0, 0]","[0, 0]","[0, 0]","[0, 0]"
[67],[40],"[0, 0]","[0, 0]","[0, 0]","[0, 0]"
[67],[40],"[0, 0]","[0, 0]","[0, 0]","[0, 0]"
[67],[40],"[0, 0]","[0, 0]","[0, 0]","[0, 0]"
[67],[40],"[0, 0]","[0, 0]","[0, 0]","[0, 0]"
[2],[40],"[0, 0]","[0, 0]","[0, 0]","[0, 0]"
[2],[40],"[0, 0]","[0, 0]","[0, 0]","[0, 0]"
[2],[40],"[0, 0]","[0, 0]","[0, 0]","[0, 0]"
[2],[40],"[0, 0]","[0, 0]","[0, 0]","[0, 0]"
[2],[40],"[0, 0]","[0, 0]","[0, 0]","[0, 0]"
[2],[40],"[0, 0]","[0, 0]","[0, 0]","[0, 0]"
[2],[40],"[0, 0]","[0, 0]","[0, 0]","[0, 0]"
[2],[40],"[0, 0]","[0, 0]","[0, 0]","[0, 0]"
[2],[40],"[0, 0]","[0, 0]","[0, 0]","[0, 0]"
[2],[40],"[0, 0]","[0, 0]","[0, 0]","[0, 0]"
[1],[104],"[0, 0]","[0, 0]","[0, 0]","[0, 0]"
[1],[104],"[0, 0]","[0, 0]","[0, 0]","[0, 0]"
[1],[96],"[0, 0]","[0, 0]","[0, 0]","[0, 0]"
[1],[96],"[0, 0]","[0, 0]","[0, 0]","[0, 0]"
[1],[96],"[0, 0]","[0, 0]","[0, 0]","[0, 0]"
[1],[96],"[0, 0]","[0, 0]","[0, 0]","[0, 0]"
[1],[96],"[0, 0]","[0, 0]","[0, 0]","[0, 0]"
[65],[96],"[0, 0]","[0, 0]","[0, 0]","[0, 0]"
[64],[96],"[0, 0]","[0, 0]","[0, 0]","[0, 0]"
[64],[96],"[0, 0]","[0, 0]","[0, 0]","[0, 0]"
[64],[96],"[0, 0]","[0, 0]","[0, 0]","[0, 0]"
[64],[96],"[0, 0]","[0, 0]","[0, 0]","[0, 0]"
[64],[96],"[0, 0]","[0, 0]","[0, 0]","[0, 0]"
[64],[96],"[0, 0]","[0, 0]","[0, 0]","[0, 0]"
[64],[96],"[0, 0]","[0, 0]","[0, 0]","[0, 0]"
[64],[96],"[0, 0]","[0, 0]","[0, 0]","[0, 0]"
[64],[96],"[0, 0]","[0, 0]","[0, 0]","[0, 0]"
[64],[96],"[0, 0]","[0, 0]","[0, 0]","[0, 0]"
[64],[96],"[0, 0]","[0, 0]","[0, 0]","[0, 0]"
[64],[32],"[0, 0]","[0, 0]","[0, 0]","[0, 0]"
[65],[32],"[0, 0]","[0, 0]","[0, 0]","[0, 0]"
[65],[32],"[0, 0]","[0, 0]","[0, 0]","[0, 0]"
[65],[32],"[0, 0]","[0, 0]","[0, 0]","[0, 0]"
[65],[32],"[0, 0]","[0, 0]","[0, 0]","[0, 0]"
[65],[32],"[0, 0]","[0, 0]","[0, 0]","[0, 0]"
[65],[32],"[0, 0]","[0, 0]","[0, 0]","[0, 0]"
[65],[32],"[0, 0]","[0, 0]","[0, 0]","[0, 0]"
[65],[32],"[0, 0]","[0, 0]","[0, 0]","[0, 0]"
[65],[32],"[0, 0]","[0, 0]","[0, 0]","[0, 0]"
[65],[32],"[0, 0]","[0, 0]","[0, 0]","[0, 0]"
[65],[32],"[0, 0]","[0, 0]","[0, 0]","[0, 0]"
[0],[32],"[0, 0]","[0, 0]","[0, 0]","[0, 0]"
[0],[32],"[0, 0]","[0, 0]","[0, 0]","[0, 0]"
[0],[32],"[0, 0]","[0, 0]","[0, 0]","[0, 0]"
[0],[32],"[0, 0]","[0, 0]","[0, 0]","[0, 0]"
[0],[32],"[0, 0]","[0, 0]","[0, 0]","[0, 0]"
[0],[32],"[0, 0]","[0, 0]","[0, 0]","[0, 0]"
[0],[32],"[0, 0]","[0, 0]","[0, 0]","[0, 0]"
[0],[32],"[0, 0]","[0, 0]","[0, 0]","[0, 0]"
[0],[32],"[0, 0]","[0, 0]","[0, 0]","[0, 0]"
[0],[32],"[0, 0]","[0, 0]","[0, 0]","[0, 0]"
[0],[32],"[0, 0]","[0, 0]","[0, 0]","[0, 0]"
[1],[96],"[0, 0]","[0, 0]","[0, 0]","[0, 0]"
[1],[96],"[0, 0]","[0, 0]","[0, 0]","[0, 0]"
[1],[96],"[0, 0]","[0, 0]","[0, 0]","[0, 0]"
[1],[96],"[0, 0]","[0, 0]","[0, 0]","[0, 0]"
[1],[96],"[0, 0]","[0, 0]","[0, 0]","[0, 0]"
[1],[96],"[0, 0]","[0, 0]","[0, 0]","[0, 0]"
[1],[96],"[0, 0]","[0, 0]","[0, 0]","[0, 0]"
[1],[96],"[0, 0]","[0, 0]","[0, 0]","[0, 0]"
[1],[96],"[0, 0]","[0, 0]","[0, 0]","[0, 0]"
[1],[96],"[0, 0]","[0, 0]","[0, 0]","[0, 0]"
[1],[96],"[0, 0]","[0, 0]","[0, 0]","[0, 0]"
[1],[96],"[0, 0]","[0, 0]","[0, 0]","[0, 0]"
[1],[96],"[0, 0]","[0, 0]","[0, 0]","[0, 0]"
[1],[96],"[0, 0]","[0, 0]","[0, 0]","[0, 0]"
[64],[96],"[0, 0]","[0, 0]","[0, 0]","[0, 0]"
[64],[96],"[0, 0]","[0, 0]","[0, 0]","[0, 0]"
[64],[96],"[0, 0]","[0, 0]","[0, 0]","[0, 0]"
[64],[96],"[0, 0]","[0, 0]","[0, 0]","[0, 0]"
[64],[96],"[0, 0]","[0, 0]","[0, 0]","[0, 0]"
[64],[96],"[0, 0]","[0, 0]","[0, 0]","[0, 0]"
[64],[96],"[0, 0]","[0, 0]","[0, 0]","[0, 0]"
[64],[96],"[0, 0]","[0, 0]","[0, 0]","[0, 0]"
[64],[96],"[0, 0]","[0, 0]","[0, 0]","[0, 0]"
[64],[96],"[0, 0]","[0, 0]","[0, 0]","[0, 0]"
[64],[96],"[0, 0]","[0, 0]","[0, 0]","[0, 0]"
[64],[96],"[0, 0]","[0, 0]","[0, 0]","[0, 0]"
[64],[96],"[0, 0]","[0, 0]","[0, 0]","[0, 0]"
[64],[96],"[0, 0]","[0, 0]","[0, 0]","[0, 0]"
[64],[96],"[0, 0]","[0, 0]","[0, 0]","[0, 0]"
